year,name,title,image_filename
2026,Arjun Ram Meghwal,"Union Minister for Law and Justice, Government of India",2026-arjun-ram-meghwal.png
2026,Dr Lalit Bhasin,"President, Society of Indian Law Firms (SILF)",2026-dr-lalit-bhasin.png
2026,Dr Manoj Kumar,"Additional Secretary, Ministry of Law and Justice",2026-dr-manoj-kumar.png
2026,Dr K K Khandelwal,"IAS (Retd), Chief National Commissioner, Bharat Scouts & Guides",2026-dr-k-k-khandelwal.png
2026,Anand Prasad,"Sr Partner, AP & Partners",2026-anand-prasad.png
2026,Bithika Anand,"Founder, Chairman & Managing Director, LLC & Founder & CEO, Human Elevation",2026-bithika-anand.png
2026,Chander Lall,Senior Advocate & Founder of Lall & Sethi,2026-chander-lall.png
2026,Dr Sanjeev Gemawat,"Managing Director & Group General Counsel, Essar Group",2026-dr-sanjeev-gemawat.png
2026,C V Raghu,"Managing Partner, CVR Law | President & Founder, GCAI | Investor",2026-c-v-raghu.png
2026,Dr Pratap Singh,Director General of Income Tax (Inv),2026-dr-pratap-singh.png
2026,Rajiv Chauhan,General Counsel,2026-rajiv-chauhan.png
2026,Dr Akhil Prasad,"Board Member, Group General Counsel, Company Secretary at Boeing India",2026-dr-akhil-prasad.png
2026,Shujath Bin Ali,"Chief Legal Officer, Excom member of Fourth Partner Energy",2026-shujath-bin-ali.png
2026,Dr Neera Sharma,"GGC & CEO, Board Director, Sistema Smart Technologies Limited",2026-dr-neera-sharma.png
2026,Sudhir Mishra,"Founder & Managing Partner, Trust Legal Advocates & Consultants",2026-sudhir-mishra.png
2026,Prof (Dr) Avinash Dadhich,"Founding Director, School of Law at Dhirubhai Ambani University",2026-prof-dr-avinash-dadhich.png
2026,Ameya Kunte,"Founder, Globeview Advisors",2026-ameya-kunte.png
2026,Nipun K Bhatiaa,"CEO, Legal League Consulting",2026-nipun-k-bhatiaa.png
2026,Adarsh Ramanujan,Independent Counsel at Law Chambers of Adarsh Ramanujan,2026-adarsh-ramanujan.png
2026,Ashima Ohri,"Chief Director Practice Development, Shardul Amarchand Mangaldas & Co",2026-ashima-ohri.png
2026,Arush Khanna,"Partner, Neumen Law Offices",2026-arush-khanna.png
2026,Manjaree Chowdhary,General Counsel & Chief Compliance Officer at Maruti Suzuki,2026-manjaree-chowdhary.png
2026,Justice A K Sikri,"Former SC Judge, India & Judge, Singapore Int’l Commercial Court",2026-justice-a-k-sikri.png
2026,Dr A Venkatesan,"GM Law, GAIL India Ltd",2026-dr-a-venkatesan.png
2026,Gaythri Raman,"Managing Director SEA and India, LexisNexis",2026-gaythri-raman.png
2026,Amitabh Lal Das,"Business Head & Chief Legal Officer, Hyundai Motor IndiaLtd.",2026-amitabh-lal-das.png
2026,Ravi Kishan,Member of Parliament & Actor,2026-ravi-kishan.png
2026,Rajiv Malik,"Deputy General Manager, LG Electronics",2026-rajiv-malik.png
2026,Jonathan Rodrigues,"Mediator & Founder, The PACT",2026-jonathan-rodrigues.png
2026,Ms Pallavi Saluja,"Editor, Bar and Bench",2026-ms-pallavi-saluja.png
2026,Alok Kumar,"Sr Partner, THS Law Firm",2026-alok-kumar.png
2026,Ms Rupam Tandon,Certified Independent Director & Board Advisor,2026-ms-rupam-tandon.png
2026,Ms Sanya Talwar,"Editor, LawBeat",2026-ms-sanya-talwar.png
2026,R Venkataramani,Attorney General for India,2026-r-venkataramani.png
2026,Sankalp S. Srivastava,"Co-Founder, Jurisphere",2026-sankalp-s-srivastava.png
2026,Fauzia Dastango,Dastangoi Storyteller,2026-fauzia-dastango.png
2026,Mehak Oberoi,"Senior Legal Counsel, Hydropower - Asia Pacific, GE Vernova",2026-mehak-oberoi.png
2026,Sachin Kalra,Head Regulatory & Deputy General Counsel at HT Media Ltd,2026-sachin-kalra.png
2026,Parvesh Kheterpal,General Counsel -Head Regulatory & Power Sales - AMPYR Energy,2026-parvesh-kheterpal.png
2026,Sameet Gambhir,"Sr. Vice President & Group head - Legal, UFlex Ltd",2026-sameet-gambhir.png
2025,Dr Justice D Y Chandrachud,Former Chief Justice of India,2025-dr-justice-d-y-chandrachud.webp
2025,Ms Justice Prathiba M Singh,"Judge, Delhi High Court",2025-ms-justice-prathiba-m-singh.webp
2025,Mr Justice Rajiv Shakdher,"Former Chief Justice, HP High Court",2025-mr-justice-rajiv-shakdher.webp
2025,Mr Justice S K Katriar,"Former Judge, Patna High Court",2025-mr-justice-s-k-katriar.webp
2025,Mr Justice S N Dhingra,"Former Judge, Delhi High Court",2025-mr-justice-s-n-dhingra.webp
2025,Mr Justice Najmi Waziri,"Former Judge, Delhi High Court",2025-mr-justice-najmi-waziri.webp
2025,Dr Manoj Kumar,"Additional Secretary, Ministry of Law and Justice",2025-dr-manoj-kumar.webp
2025,Dr Lalit Bhasin,"President, SILF",2025-dr-lalit-bhasin.webp
2025,Mr Arvind P Datar,Senior Advocate,2025-mr-arvind-p-datar.webp
2025,Mr Sanjay Jain,Senior Advocate,2025-mr-sanjay-jain.webp
2025,Mr N Venkataraman,Additional Solicitor General of India,2025-mr-n-venkataraman.webp
2025,Mr Chander M Lall,Senior Advocate,2025-mr-chander-m-lall.webp
2025,Mr Ramakrishnan Viraraghavan,Barrister & Senior Advocate,2025-mr-ramakrishnan-viraraghavan.webp
2025,Mr Sanjoy Ghose,Senior Advocate,2025-mr-sanjoy-ghose.webp
2025,Mr V Sudhish Pai,Senior Advocate,2025-mr-v-sudhish-pai.webp
2025,Mr Percival Billimoria,Senior Advocate,2025-mr-percival-billimoria.webp
2025,Mr Satvik Varma,Senior Advocate,2025-mr-satvik-varma.webp
2025,Dr Harish Narasappa,Senior Advocate,2025-dr-harish-narasappa.webp
2025,Mr Sujit Ghosh,Senior Advocate,2025-mr-sujit-ghosh.webp
2025,Ms Aanchal Jain,Former head of Growth & Digital @ Amazon | Ex Googler,2025-ms-aanchal-jain.webp
2025,Ms Abha T Gandhi,"Senior Partner, The Legal Watch & POSH Consultant",2025-ms-abha-t-gandhi.webp
2025,Mr Abhinav Garg,Legal Correspondant times of india,2025-mr-abhinav-garg.webp
2025,Mr Adarsh Ramanujan,"Advocate, High Court of Delhi",2025-mr-adarsh-ramanujan.webp
2025,Dr Akhil Prasad,"Group General Counsel, Company Secretary at Boeing India",2025-dr-akhil-prasad.webp
2025,Mr Aman Abbas,"Founder, LawWiser",2025-mr-aman-abbas.webp
2025,Mr Ameet Datta,"Founder, ADP Law Offices",2025-mr-ameet-datta.webp
2025,Mr Ameya Kunte,"Founder, Globeview Advisors LLP",2025-mr-ameya-kunte.webp
2025,Dr Amit K Nagpal,"Author, Storyteller, and Personal Branding Guru",2025-dr-amit-k-nagpal.webp
2025,Ms Amrita Verma,"Advocate, Supreme Court of India",2025-ms-amrita-verma.webp
2025,Mr Arush Khanna,"Partner, Numen Law Offices",2025-mr-arush-khanna.webp
2025,Mr Ashish Pancholi,"Co-founder, Lexel LegalTechAdvisors LLP",2025-mr-ashish-pancholi.webp
2025,Mr Atul Gupta,Chartered Accountant,2025-mr-atul-gupta.webp
2025,Prof (Dr) Avinash Dadhich,"Founding Director School of Law, Dhirubhai Ambani University",2025-prof-dr-avinash-dadhich.webp
2025,Mr C V Raghu,"Former Group GC, Samvardhana Motherson Group",2025-mr-c-v-raghu.webp
2025,Ms Deepika Narayan Bhardwaj,Documentary Filmmaker & Independent Journalist,2025-ms-deepika-narayan-bhardwaj.webp
2025,Dr Deevanshu Shrivastava,Founding Dean and Professor at GL Bajaj Institute of Law,2025-dr-deevanshu-shrivastava.webp
2025,Mr Devendra Nahar,"Dy. General Manager, GAIL (India) Ltd.",2025-mr-devendra-nahar.webp
2025,Mr Ejaz Maqbool,Advocate-on-Record,2025-mr-ejaz-maqbool.webp
2025,Mr Gokul Narayan,"CEO, Asian School of Cyber Laws",2025-mr-gokul-narayan.webp
2025,Mr Himanshu Gupta,"Founder & CEO, Lawyered",2025-mr-himanshu-gupta.webp
2025,Dr Jatinder Singh,"Deputy Secretary General, PHD, CCI",2025-dr-jatinder-singh.webp
2025,Mr Jayant Bhatt,Advocate,2025-mr-jayant-bhatt.webp
2025,Mr Jonathan Rodrigues,"Mediator & Founder, The PACT",2025-mr-jonathan-rodrigues.webp
2025,Mr Kapil Sibal,Senior Advocate and Former Union Minister,2025-mr-kapil-sibal.webp
2025,Ms Komal Gupta,"CIO, Cyril Amarchand Mangaldas",2025-ms-komal-gupta.webp
2025,Ms Kritika Krishnamurthy,"Founding Partner, AK & Partners",2025-ms-kritika-krishnamurthy.webp
2025,Ms Lipika Bhushan,"Founder, MarketMyBook",2025-ms-lipika-bhushan.webp
2025,Dr M Basheer Ahmed Khan,"Former VC, SKM University",2025-dr-m-basheer-ahmed-khan.webp
2025,Mr M C Mehta,Environmental Lawyer & Activist,2025-mr-m-c-mehta.webp
2025,Mr Manish Lamba,"General Counsel, DLF Cybercity Developers Limited",2025-mr-manish-lamba.webp
2025,Ms Mini Srivastava,"Assistant Professor (Law),Amity University",2025-ms-mini-srivastava.webp
2025,Mr Nawneet Vibhaw,"Founder & Lead Environmental Counsel, Panchtattva Advocates",2025-mr-nawneet-vibhaw.webp
2025,Ms Neera Sharma,"Group GC & CEO, Sistema Smart Technologies Ltd.",2025-ms-neera-sharma.webp
2025,Maj Gen Nilendra Kumar,"Founder Director, Lex Consilium Foundation",2025-maj-gen-nilendra-kumar.webp
2025,Ms Nina Gupta Bhasin,Managing Partner Bhasin & co.,2025-ms-nina-gupta-bhasin.webp
2025,Mr Nisshant Laroia,"Mediator & Founder, The PACT",2025-mr-nisshant-laroia.webp
2025,Ms Pallavi Saluja,"Editor, Bar and Bench",2025-ms-pallavi-saluja.webp
2025,Ms Payal Chawla,"Founder, JusContractus",2025-ms-payal-chawla.webp
2025,Ms Pragya Parijat Singh,Advocate-on-Record,2025-ms-pragya-parijat-singh.webp
2025,Ms Pramita Sen,"CEO & Founder, WeYou Partners and Quatro Hive",2025-ms-pramita-sen.webp
2025,Dr Pratap Singh,Director General of Income Tax,2025-dr-pratap-singh.webp
2025,Mr Pravin Anand,"Managing Partner, Anand and Anand",2025-mr-pravin-anand.webp
2025,Mr Rajiv Chauhan,Ex Pernord Ricard,2025-mr-rajiv-chauhan.webp
2025,Mr Rameesh Kailasam,CEO of India Tech,2025-mr-rameesh-kailasam.webp
2025,Mr Ravi Singhania,"Managing Partner, Singhania & Partners LLP",2025-mr-ravi-singhania.webp
2025,Dr Rennie Joyy,"Founder, Aalekh Foundation",2025-dr-rennie-joyy.webp
2025,Ms Ritu Mathur,Regulatory & Public Policy Professional,2025-ms-ritu-mathur.webp
2025,Mr Sachin Kalra,"Head Regulatory & Deputy General Counsel, HT Media Ltd",2025-mr-sachin-kalra.webp
2025,Mr Salman Khurshid,Senior Advocate,2025-mr-salman-khurshid.webp
2025,Mr Sangeet Rai,"Partner, Rayasa Law Partners",2025-mr-sangeet-rai.webp
2025,Dr Sanjeev Gemawat,"Managing Director & Group General Counsel, Essar Group",2025-dr-sanjeev-gemawat.webp
2025,Mr Santosh Paul,Senior Advocate,2025-mr-santosh-paul.webp
2025,Mr Shailendra Kumar,"Founder & CEO, TIOL",2025-mr-shailendra-kumar.webp
2025,Ms Shilpa Arora Sharma,Manifestation Coach,2025-ms-shilpa-arora-sharma.webp
2025,Dr Shruti Bedi,"Professor & Director, UILS, Panjab University",2025-dr-shruti-bedi.webp
2025,Mr Suvir Sidhu,"Member, Legal Education Committee, BCI",2025-mr-suvir-sidhu.webp
2025,Ms Tanya Appachu Kaul,Legal Content Creator,2025-ms-tanya-appachu-kaul.webp
2025,Mr Tarun Nangia,"Consultant, NewsX",2025-mr-tarun-nangia.webp
2025,Dr Vijay Kumar Singh,"Professor & Dean, Faculty of Law",2025-dr-vijay-kumar-singh.webp
2025,Mr Vineet K K N Panchi,Founder @ The Jai Hind Project & Word of Mouth Media,2025-mr-vineet-k-k-n-panchi.webp
2025,Mr Vivek Narayan Sharma,Advocate-on-Record,2025-mr-vivek-narayan-sharma.webp
2025,Mr Abhinav Narayan Jha,"GC North, HDFC Ergo",2025-mr-abhinav-narayan-jha.webp
2024,Justice Rajiv Shakdher,"Former Chief Justice, HP High Court",2024-justice-rajiv-shakdher.jpg
2024,Justice A K Patnaik,"Former Judge, Supreme Court of India",2024-justice-a-k-patnaik.jpg
2024,Justice A K Sikri,"Former Judge, Supreme Court of India",2024-justice-a-k-sikri.jpg
2024,Lalit Bhasin,"President, Society of Indian Law Firms",2024-lalit-bhasin.webp
2024,V Lakshmikumaran,"Founder & Managing Partner, Lakshmikumaran & Sridharan attorneys",2024-v-lakshmikumaran.webp
2024,Malathi Lakshmikumaran,"Director, Lakshmikumaran and Sridharan",2024-malathi-lakshmikumaran.webp
2024,Ramakrishnan Viraraghavan,Senior Advocate,2024-ramakrishnan-viraraghavan.webp
2024,A S Chandiok,Senior Advocate,2024-a-s-chandiok.webp
2024,Dr Harish B Narasappa,Senior Advocate,2024-dr-harish-b-narasappa.webp
2024,Sridhar Potaraju,Senior Advocate,2024-sridhar-potaraju.webp
2024,N S Nappinai,Senior Advocate,2024-n-s-nappinai.webp
2024,Shobha Gupta,Senior Advocate,2024-shobha-gupta.webp
2024,Sanjoy Ghose,"Senior Advocate, Supreme Court of India",2024-sanjoy-ghose.webp
2024,Dr K K Khandelwal,"Chief National Commissioner, Bharat Scouts & Guides",2024-dr-k-k-khandelwal.webp
2024,Pratap Singh,"Principal Commissioner, Income Tax",2024-pratap-singh.webp
2024,Sudhir Mishra,"Founder & Managing Partner, Trust Legal",2024-sudhir-mishra.webp
2024,Charanya Lakshmikumaran,"Partner, Lakshmikumaran & Sridharan attorneys",2024-charanya-lakshmikumaran.webp
2024,Kunal Vajani,"Managing Partner, Fox & Mandal",2024-kunal-vajani.webp
2024,Apar Gupta,Advocate & Technology Policy Expert,2024-apar-gupta.webp
2024,Dr Ashok Sharma,FCIArb,2024-dr-ashok-sharma.webp
2024,Manish Lamba,"General Counsel, DLF Limited",2024-manish-lamba.webp
2024,Payal Chawla,"Founder, JusContractus",2024-payal-chawla.webp
2024,Dr Bharat Nain,Executive Coach & Arbitrator,2024-dr-bharat-nain.webp
2024,Manvinder Singh,"Partner, J. Sagar Associates",2024-manvinder-singh.webp
2024,Nisha Narayanan,Director & COO Red FM & Magic FM,2024-nisha-narayanan.webp
2024,Mini Srivastava,"Assistant Professor (Law), Amity University",2024-mini-srivastava.webp
2024,Lipika Bhushan,"Founder, MarketMyBook",2024-lipika-bhushan.webp
2024,Himanshu Gupta,"Founder & CEO, Lawyered",2024-himanshu-gupta.webp
2024,Pramita Sen,Founder and CEO at WeYou Partners and Quatro Hive.,2024-pramita-sen.webp
2024,Vineet KKN 'Panchhi',Founder @ The Jai Hind Project & Word of Mouth Media,2024-vineet-kkn-panchhi.webp
2024,Dr Akhil Prasad,Country Counsel India and Company Secretary,2024-dr-akhil-prasad.webp
2024,Dr Vijay Kumar Singh,"Professor & Dean, SRM University",2024-dr-vijay-kumar-singh.webp
2024,Jayant Bhatt,"Counsel, Delhi High Court & Supreme Court of India",2024-jayant-bhatt.webp
2024,Fouzia Dastango,Dastango,2024-fouzia-dastango.webp
2024,Joy Jain,Insolvency Professional & Corporate Restructuring Specialist,2024-joy-jain.webp
2024,Vivek Sood,"Senior Advocate, Supreme Court of India",2024-vivek-sood.webp
2024,Petal Chandhok,"Partner at Trust Legal, Advocates & Consultants",2024-petal-chandhok.webp
2024,Tarun Nangia,Consultant NewsX,2024-tarun-nangia.webp
2024,Nakul Dewan,Senior Advocate & Barrister,2024-nakul-dewan.webp
2024,Nipun K Bhatiaa,Accredited Commercial Mediator & Certified Coach,2024-nipun-k-bhatiaa.webp
2024,Anant Merathia,Corporate Litigator & Author of Defaulter’s Paradise Lost,2024-anant-merathia.webp
2024,Bithika Anand,"Founder, Chairman & MD, Legal League Consulting",2024-bithika-anand.webp
2024,Arush Khanna,Advocate & Legal Consultant,2024-arush-khanna.webp
2024,Akanksha Bisen,Top Business Development Voice,2024-akanksha-bisen.webp
2024,Rameesh Kailasam,CEO of India Tech,2024-rameesh-kailasam.webp
2024,Aparna Mittal,"Equality, Diversity & Inclusion Advisor",2024-aparna-mittal.webp
2024,Sachin Kalra,"Vice President , Legal & Regulatory affairs at HT Media Ltd",2024-sachin-kalra.webp
2024,Satyajit Gupta,Assistant General Counsel & Head of India Legal & Global Head of CSR,2024-satyajit-gupta.webp
2024,Akanksha Mishra,"Head, Lawctopus Law School & Independent Litigator",2024-akanksha-mishra.webp
2024,Pratik Jain,Consultant & Stand-up Comedian,2024-pratik-jain.webp
2024,Justice Najmi Waziri,Former Judge Delhi High Court,2024-justice-najmi-waziri.webp
2024,Rakshanda Jalil,"Translator, Critic and Literary Historian",2024-rakshanda-jalil.webp
2024,Shweta Bharti,Managing Partner Hammurabi and Solomon,2024-shweta-bharti.webp
2024,Dr Pallab Das,"Founding Dean, School of Law CUTM, Bhubaneswar",2024-dr-pallab-das.webp
2024,Mani Gupta,"Partner, Sarthak Advocates & Solicitors",2024-mani-gupta.webp
2024,Khushboo Luthra,"CSO, Fox & Mandal",2024-khushboo-luthra.webp
2024,Justice Vijender Jain,"Former Chief Justice, Punjab and Haryana High Court",2024-justice-vijender-jain.webp
2024,Ashutosh Garg,"Entrepreneur, Storyteller & Business Coach",2024-ashutosh-garg.webp
2024,Anchal Bhatheja,"Associate, Shardul Amarchand Mangaldas",2024-anchal-bhatheja.webp
2024,Kirtikar Srivastava,"Director, IDIA",2024-kirtikar-srivastava.webp
2024,Suhasini Rao,"Founder-Director, CubeRoute Advisors Pvt Ltd",2024-suhasini-rao.webp
2024,Shreyas Mehrotra,"Partner (Dispute Resolution), AK & Partners",2024-shreyas-mehrotra.webp
2024,Anuroop Omkar,"Founding Partner, AK & Partners",2024-anuroop-omkar.webp
2024,Kritika Krishnamurthy,"Director, Bridge Policy Think Tank",2024-kritika-krishnamurthy.webp
2024,Ameya Kunte,"Founder, Globeview Advisors LLP",2024-ameya-kunte.webp
2024,Sanjay Kumar,"Partner, Tax & Deloitte Asia-Pacific, ex-IRS",2024-sanjay-kumar.webp
2024,Amit Kapur,"Managing Partner, Jyoti Sagar Associates",2024-amit-kapur.webp
2024,Jaipat Singh Jain,Partner at Lazare Potter & Giacovas LLP,2024-jaipat-singh-jain.webp
2024,Harsh Vardhan Tiwari,Director of Law Admissions & Outreach-GD Goenka University,2024-harsh-vardhan-tiwari.webp
2024,Dr Samir Parikh,"Chairperson, Fortis National Mental Health Program",2024-dr-samir-parikh.webp
2024,Vivek Narayan Sharma,Advocate-On-Record & Accredited Mediator Supreme Court of India,2024-vivek-narayan-sharma.webp
2024,Priya Talwar,"Founder, Editor’s Atelier",2024-priya-talwar.webp
2024,Manisha Chaudhary,"Managing Partner, UKCA and Partners LLP",2024-manisha-chaudhary.webp
2024,Minal Madan,Founder at SLP - Law Firm,2024-minal-madan.webp
2024,Priyan Garg,Senior Manager - Marketing Communications | Cyril Amarchand Mangaldas,2024-priyan-garg.webp
2024,Varun Vaish,"Partner, Luthra and Luthra Law Offices",2024-varun-vaish.webp
2024,Lalitendra Gulani,"Partner, Anantham Legal",2024-lalitendra-gulani.webp
2024,Dr. Sumit Pahwa,"Founder, Complinity Technologies",2024-dr-sumit-pahwa.webp
2024,Gaurrav Jaiin,"Founder, LEXCOMPLY",2024-gaurrav-jaiin.webp
2024,Subhash Bhutoria,"Founder & Principal, Law SB",2024-subhash-bhutoria.webp
2024,Satvik Varma,Senior Advocate,2024-satvik-varma.webp
2024,Shrinkhla Jain,"Legal Manager, CJ Darcl Logistics Ltd.",2024-shrinkhla-jain.webp
2024,Pushpendra K Dixit,"Vice President & Global Head Taxation, PVR Ltd",2024-pushpendra-k-dixit.webp
2024,Abha Thapalyal Gandhi,"Sr Partner, The Legal Watch, PoSH Act Consultant",2024-abha-thapalyal-gandhi.webp
2024,Geeta Luthra,"Senior Advocate, Supreme Court of India",2024-geeta-luthra.webp
2024,Pallavi Saluja,"Editor, Bar & Bench",2024-pallavi-saluja.webp
2024,Prachi Shrivastava,"Founder, Lawfinity Solutions",2024-prachi-shrivastava.webp
2024,Tariq Khan,Advocate & Arbitrator,2024-tariq-khan.webp
2024,Rashmi Kathpalia,Advocate & Arbitrator,2024-rashmi-kathpalia.webp