source_url,s3_filename
https://www.oakbridge.events/public/uploads/images/team/6905e452e4be1.png,manmohan.png
https://www.oakbridge.events/public/uploads/images/team/6905e4b6916e5.png,shardul-s-shroff.png
https://www.oakbridge.events/public/uploads/images/team/6905e6b7687fe.jpg,manoj-kumar.jpg
https://www.oakbridge.events/public/uploads/images/team/6905e6e357a87.jpg,lalit-bhasin.jpg
https://www.oakbridge.events/public/uploads/images/team/6905e6fb4d895.png,sujeet-kumar.png
https://www.oakbridge.events/public/uploads/images/team/6905e70e86d16.png,shailesh-haribhakti.png
https://www.oakbridge.events/public/uploads/images/team/6905e72652ba9.png,karen-taylor.png
https://www.oakbridge.events/public/uploads/images/team/691efc7d83d61.png,l-badri-narayanan.png
https://www.oakbridge.events/public/uploads/images/team/6905e76a676a5.png,nilanjan-sinha.png
https://www.oakbridge.events/public/uploads/images/team/6905e782aeb21.jpg,akhil-prasad.jpg
https://www.oakbridge.events/public/uploads/images/team/6905e79766da9.jpg,manish-lamba.jpg
https://www.oakbridge.events/public/uploads/images/team/691efcc563bc1.jpg,sanjeev-gemawat.jpg
https://www.oakbridge.events/public/uploads/images/team/6905e7d44f448.png,brian-tang.png
https://www.oakbridge.events/public/uploads/images/team/6905e7e871a71.png,andrew-beasley.png
https://www.oakbridge.events/public/uploads/images/team/6905e8041753e.png,sara-narassimadevera.png
https://www.oakbridge.events/public/uploads/images/team/691efcfad36fe.png,amar-sundaram.png
https://www.oakbridge.events/public/uploads/images/team/6905e83fd9b10.jpg,komal-gupta.jpg
https://www.oakbridge.events/public/uploads/images/team/6905e86619e86.jpg,avinash-dadhich.jpg
https://www.oakbridge.events/public/uploads/images/team/691efd24ead86.png,akshetha-ashok.png
https://www.oakbridge.events/public/uploads/images/team/6913180ba9fd0.png,shujath-bin-ali.png
https://www.oakbridge.events/public/uploads/images/team/69131ad606c18.png,indranil-choudhury.png
https://www.oakbridge.events/public/uploads/images/team/691427e187557.png,sampadaa-narrang.png
https://www.oakbridge.events/public/uploads/images/team/691428049f868.png,jacob-johnsson.png
https://www.oakbridge.events/public/uploads/images/team/691efd4662cdf.png,shreya-vajpei.png
https://www.oakbridge.events/public/uploads/images/team/691862daca642.png,santanu-sengupta.png
https://www.oakbridge.events/public/uploads/images/team/691d66473ca20.png,irshad-saifi.png
https://www.oakbridge.events/public/uploads/images/team/691d66781d446.png,basil-almeida.png
https://www.oakbridge.events/public/uploads/images/team/691d669a2be75.png,arpita-pal-agrawal.png
https://www.oakbridge.events/public/uploads/images/team/691eb84dd4ca1.png,bithika-anand.png
https://www.oakbridge.events/public/uploads/images/team/691eb8c1d4b16.png,gautam-varma.png
https://www.oakbridge.events/public/uploads/images/team/6920248d76332.webp,amit-k-nagpal.webp
https://www.oakbridge.events/public/uploads/images/team/692024c9c5d31.webp,rajiv-chauhan.webp
https://www.oakbridge.events/public/uploads/images/team/692181a42ae6b.webp,shuchi-dutta.webp
https://www.oakbridge.events/public/uploads/images/team/6924907da09d1.webp,manishan-shandil.webp
https://www.oakbridge.events/public/uploads/images/team/69259d53312d6.webp,vikas-mahendra.webp
